,Feature_List,Window_Size,Stride_Size,scale_,mean_
0,elevation,16,4,10.608527561395997,9.38153907770676
1,vel,16,4,4.228811518705674,10.042452860321395
2,acc,16,4,2.249214698542718,-0.019779064412548276
3,range,16,4,421.88531375057056,831.7641043679455
4,radialVel,16,4,5.447706473935512,-0.7334163083230828
5,rcs_dsbm,16,4,5.190217498801631,-13.267340634653188
