,Feature_List,Window_Size,Stride_Size,scale_,mean_
0,elevation,16,4,11.451566510102788,10.158861865500617
1,vel,16,4,4.254892879345472,10.126779775127092
2,acc,16,4,2.1854439453390078,-0.007463169787641758
3,range,16,4,436.93301813807227,818.5922431939383
4,rcs_dsbm,16,4,5.241293189171455,-13.297925405282848
